{
  "lnn": [
    0.835,
    15.476368427276611,
    0.5953256289164225,
    5190
  ],
  "rnn": [
    1.0,
    20.80199098587036,
    0.401616891225179,
    5126
  ],
  "meta": {
    "n_train": 2400,
    "n_test": 600,
    "hidden": 64,
    "epochs": 5,
    "lr": 0.0005
  }
}